ptid,scan_date,image_id,series,file_path,filename
130_S_0505,2006-10-18,I39197,MPR____N3__Scaled,repo/data/images/nifti_raw/ADNI/130_S_0505/MPR____N3__Scaled/2006-10-18_09_43_32.0/I39197/ADNI_130_S_0505_MR_MPR____N3__Scaled_Br_20070210222802960_S20396_I39197.nii,ADNI_130_S_0505_MR_MPR____N3__Scaled_Br_20070210222802960_S20396_I39197.nii
027_S_0403,2006-05-08,I34190,MPR-R__GradWarp__B1_Correction__N3__Scaled,repo/data/images/nifti_raw/ADNI/027_S_0403/MPR-R__GradWarp__B1_Correction__N3__Scaled/2006-05-08_10_29_51.0/I34190/ADNI_027_S_0403_MR_MPR-R__GradWarp__B1_Correction__N3__Scaled_Br_20061222192740789_S14179_I34190.nii,ADNI_027_S_0403_MR_MPR-R__GradWarp__B1_Correction__N3__Scaled_Br_20061222192740789_S14179_I34190.nii
027_S_0403,2008-05-12,I105888,MPR__GradWarp__B1_Correction__N3__Scaled,repo/data/images/nifti_raw/ADNI/027_S_0403/MPR__GradWarp__B1_Correction__N3__Scaled/2008-05-12_10_10_59.0/I105888/ADNI_027_S_0403_MR_MPR__GradWarp__B1_Correction__N3__Scaled_Br_20080516100109644_S49902_I105888.nii,ADNI_027_S_0403_MR_MPR__GradWarp__B1_Correction__N3__Scaled_Br_20080516100109644_S49902_I105888.nii
126_S_0605,2006-06-29,I38878,MPR__GradWarp__B1_Correction__N3__Scaled,repo/data/images/nifti_raw/ADNI/126_S_0605/MPR__GradWarp__B1_Correction__N3__Scaled/2006-06-29_10_05_51.0/I38878/ADNI_126_S_0605_MR_MPR__GradWarp__B1_Correction__N3__Scaled_Br_20070209185049979_S15942_I38878.nii,ADNI_126_S_0605_MR_MPR__GradWarp__B1_Correction__N3__Scaled_Br_20070209185049979_S15942_I38878.nii
027_S_0404,2006-05-16,I34195,MPR__GradWarp__B1_Correction__N3__Scaled,repo/data/images/nifti_raw/ADNI/027_S_0404/MPR__GradWarp__B1_Correction__N3__Scaled/2006-05-16_10_24_38.0/I34195/ADNI_027_S_0404_MR_MPR__GradWarp__B1_Correction__N3__Scaled_Br_20061222193516770_S14494_I34195.nii,ADNI_027_S_0404_MR_MPR__GradWarp__B1_Correction__N3__Scaled_Br_20061222193516770_S14494_I34195.nii
023_S_0625,2006-07-12,I31500,MPR__GradWarp__B1_Correction__N3__Scaled,repo/data/images/nifti_raw/ADNI/023_S_0625/MPR__GradWarp__B1_Correction__N3__Scaled/2006-07-12_14_23_13.0/I31500/ADNI_023_S_0625_MR_MPR__GradWarp__B1_Correction__N3__Scaled_Br_20061203133805576_S16766_I31500.nii,ADNI_023_S_0625_MR_MPR__GradWarp__B1_Correction__N3__Scaled_Br_20061203133805576_S16766_I31500.nii
130_S_0886,2006-10-16,I39288,MPR-R____N3__Scaled,repo/data/images/nifti_raw/ADNI/130_S_0886/MPR-R____N3__Scaled/2006-10-16_08_49_47.0/I39288/ADNI_130_S_0886_MR_MPR-R____N3__Scaled_Br_20070211002657559_S20151_I39288.nii,ADNI_130_S_0886_MR_MPR-R____N3__Scaled_Br_20070211002657559_S20151_I39288.nii
005_S_0553,2006-06-28,I32755,MPR__GradWarp__B1_Correction__N3__Scaled,repo/data/images/nifti_raw/ADNI/005_S_0553/MPR__GradWarp__B1_Correction__N3__Scaled/2006-06-28_12_11_17.0/I32755/ADNI_005_S_0553_MR_MPR__GradWarp__B1_Correction__N3__Scaled_Br_20061212135745131_S15928_I32755.nii,ADNI_005_S_0553_MR_MPR__GradWarp__B1_Correction__N3__Scaled_Br_20061212135745131_S15928_I32755.nii
136_S_0300,2006-06-07,I40352,MPR-R____N3__Scaled,repo/data/images/nifti_raw/ADNI/136_S_0300/MPR-R____N3__Scaled/2006-06-07_09_09_23.0/I40352/ADNI_136_S_0300_MR_MPR-R____N3__Scaled_Br_20070215211009479_S15349_I40352.nii,ADNI_136_S_0300_MR_MPR-R____N3__Scaled_Br_20070215211009479_S15349_I40352.nii
136_S_0195,2006-04-04,I40254,MPR____N3__Scaled,repo/data/images/nifti_raw/ADNI/136_S_0195/MPR____N3__Scaled/2006-04-04_10_54_57.0/I40254/ADNI_136_S_0195_MR_MPR____N3__Scaled_Br_20070215185520914_S12748_I40254.nii,ADNI_136_S_0195_MR_MPR____N3__Scaled_Br_20070215185520914_S12748_I40254.nii
023_S_0388,2006-05-04,I31446,MPR__GradWarp__B1_Correction__N3__Scaled,repo/data/images/nifti_raw/ADNI/023_S_0388/MPR__GradWarp__B1_Correction__N3__Scaled/2006-05-04_15_27_08.0/I31446/ADNI_023_S_0388_MR_MPR__GradWarp__B1_Correction__N3__Scaled_Br_20061203120855584_S14001_I31446.nii,ADNI_023_S_0388_MR_MPR__GradWarp__B1_Correction__N3__Scaled_Br_20061203120855584_S14001_I31446.nii
023_S_0916,2006-09-29,I31540,MPR__GradWarp__B1_Correction__N3__Scaled,repo/data/images/nifti_raw/ADNI/023_S_0916/MPR__GradWarp__B1_Correction__N3__Scaled/2006-09-29_13_26_46.0/I31540/ADNI_023_S_0916_MR_MPR__GradWarp__B1_Correction__N3__Scaled_Br_20061203143925761_S19523_I31540.nii,ADNI_023_S_0916_MR_MPR__GradWarp__B1_Correction__N3__Scaled_Br_20061203143925761_S19523_I31540.nii
100_S_0015,2005-10-31,I33046,MPR-R____N3__Scaled,repo/data/images/nifti_raw/ADNI/100_S_0015/MPR-R____N3__Scaled/2005-10-31_14_50_12.0/I33046/ADNI_100_S_0015_MR_MPR-R____N3__Scaled_Br_20061213152852376_S8833_I33046.nii,ADNI_100_S_0015_MR_MPR-R____N3__Scaled_Br_20061213152852376_S8833_I33046.nii
018_S_0335,2006-05-31,I35014,MPR____N3__Scaled,repo/data/images/nifti_raw/ADNI/018_S_0335/MPR____N3__Scaled/2006-05-31_16_04_30.0/I35014/ADNI_018_S_0335_MR_MPR____N3__Scaled_Br_20070101215011237_S15247_I35014.nii,ADNI_018_S_0335_MR_MPR____N3__Scaled_Br_20070101215011237_S15247_I35014.nii
018_S_0369,2006-05-11,I37190,MPR____N3__Scaled,repo/data/images/nifti_raw/ADNI/018_S_0369/MPR____N3__Scaled/2006-05-11_16_19_12.0/I37190/ADNI_018_S_0369_MR_MPR____N3__Scaled_Br_20070123180135564_S14343_I37190.nii,ADNI_018_S_0369_MR_MPR____N3__Scaled_Br_20070123180135564_S14343_I37190.nii
005_S_0448,2006-05-22,I32785,MPR-R__GradWarp__B1_Correction__N3__Scaled,repo/data/images/nifti_raw/ADNI/005_S_0448/MPR-R__GradWarp__B1_Correction__N3__Scaled/2006-05-22_15_18_16.0/I32785/ADNI_005_S_0448_MR_MPR-R__GradWarp__B1_Correction__N3__Scaled_Br_20061212143206036_S14868_I32785.nii,ADNI_005_S_0448_MR_MPR-R__GradWarp__B1_Correction__N3__Scaled_Br_20061212143206036_S14868_I32785.nii
130_S_0956,2006-11-06,I39200,MPR____N3__Scaled,repo/data/images/nifti_raw/ADNI/130_S_0956/MPR____N3__Scaled/2006-11-06_09_40_12.0/I39200/ADNI_130_S_0956_MR_MPR____N3__Scaled_Br_20070210223200198_S22511_I39200.nii,ADNI_130_S_0956_MR_MPR____N3__Scaled_Br_20070210223200198_S22511_I39200.nii
130_S_0969,2006-11-06,I39203,MPR____N3__Scaled,repo/data/images/nifti_raw/ADNI/130_S_0969/MPR____N3__Scaled/2006-11-06_08_27_29.0/I39203/ADNI_130_S_0969_MR_MPR____N3__Scaled_Br_20070210223626600_S22655_I39203.nii,ADNI_130_S_0969_MR_MPR____N3__Scaled_Br_20070210223626600_S22655_I39203.nii
127_S_0260,2006-05-01,I34371,MPR__GradWarp__B1_Correction__N3__Scaled,repo/data/images/nifti_raw/ADNI/127_S_0260/MPR__GradWarp__B1_Correction__N3__Scaled/2006-05-01_13_12_05.0/I34371/ADNI_127_S_0260_MR_MPR__GradWarp__B1_Correction__N3__Scaled_Br_20061227143400735_S13858_I34371.nii,ADNI_127_S_0260_MR_MPR__GradWarp__B1_Correction__N3__Scaled_Br_20061227143400735_S13858_I34371.nii
126_S_0606,2006-08-14,I38887,MPR__GradWarp__B1_Correction__N3__Scaled,repo/data/images/nifti_raw/ADNI/126_S_0606/MPR__GradWarp__B1_Correction__N3__Scaled/2006-08-14_07_32_37.0/I38887/ADNI_126_S_0606_MR_MPR__GradWarp__B1_Correction__N3__Scaled_Br_20070209190556936_S17816_I38887.nii,ADNI_126_S_0606_MR_MPR__GradWarp__B1_Correction__N3__Scaled_Br_20070209190556936_S17816_I38887.nii
027_S_0835,2006-09-28,I35653,MPR__GradWarp__B1_Correction__N3__Scaled,repo/data/images/nifti_raw/ADNI/027_S_0835/MPR__GradWarp__B1_Correction__N3__Scaled/2006-09-28_09_23_19.0/I35653/ADNI_027_S_0835_MR_MPR__GradWarp__B1_Correction__N3__Scaled_Br_20070109231952406_S19496_I35653.nii,ADNI_027_S_0835_MR_MPR__GradWarp__B1_Correction__N3__Scaled_Br_20070109231952406_S19496_I35653.nii
005_S_0324,2006-04-21,I32777,MPR-R__GradWarp__B1_Correction__N3__Scaled,repo/data/images/nifti_raw/ADNI/005_S_0324/MPR-R__GradWarp__B1_Correction__N3__Scaled/2006-04-21_10_20_45.0/I32777/ADNI_005_S_0324_MR_MPR-R__GradWarp__B1_Correction__N3__Scaled_Br_20061212142345901_S13664_I32777.nii,ADNI_005_S_0324_MR_MPR-R__GradWarp__B1_Correction__N3__Scaled_Br_20061212142345901_S13664_I32777.nii
023_S_0604,2006-06-20,I31468,MPR-R__GradWarp__B1_Correction__N3__Scaled,repo/data/images/nifti_raw/ADNI/023_S_0604/MPR-R__GradWarp__B1_Correction__N3__Scaled/2006-06-20_09_34_04.0/I31468/ADNI_023_S_0604_MR_MPR-R__GradWarp__B1_Correction__N3__Scaled_Br_20061203124804456_S15677_I31468.nii,ADNI_023_S_0604_MR_MPR-R__GradWarp__B1_Correction__N3__Scaled_Br_20061203124804456_S15677_I31468.nii
100_S_0190,2006-05-22,I33114,MPR____N3__Scaled,repo/data/images/nifti_raw/ADNI/100_S_0190/MPR____N3__Scaled/2006-05-22_11_34_17.0/I33114/ADNI_100_S_0190_MR_MPR____N3__Scaled_Br_20061213165243410_S15011_I33114.nii,ADNI_100_S_0190_MR_MPR____N3__Scaled_Br_20061213165243410_S15011_I33114.nii
023_S_0030,2005-10-26,I31623,MPR__GradWarp__B1_Correction__N3__Scaled,repo/data/images/nifti_raw/ADNI/023_S_0030/MPR__GradWarp__B1_Correction__N3__Scaled/2005-10-26_09_01_07.0/I31623/ADNI_023_S_0030_MR_MPR__GradWarp__B1_Correction__N3__Scaled_Br_20061204153813354_S8908_I31623.nii,ADNI_023_S_0030_MR_MPR__GradWarp__B1_Correction__N3__Scaled_Br_20061204153813354_S8908_I31623.nii
136_S_0196,2006-05-01,I40269,MPR____N3__Scaled,repo/data/images/nifti_raw/ADNI/136_S_0196/MPR____N3__Scaled/2006-05-01_11_18_56.0/I40269/ADNI_136_S_0196_MR_MPR____N3__Scaled_Br_20070215192140032_S13831_I40269.nii,ADNI_136_S_0196_MR_MPR____N3__Scaled_Br_20070215192140032_S13831_I40269.nii
018_S_0450,2006-06-23,I35029,MPR____N3__Scaled,repo/data/images/nifti_raw/ADNI/018_S_0450/MPR____N3__Scaled/2006-06-23_15_21_55.0/I35029/ADNI_018_S_0450_MR_MPR____N3__Scaled_Br_20070101221702956_S15825_I35029.nii,ADNI_018_S_0450_MR_MPR____N3__Scaled_Br_20070101221702956_S15825_I35029.nii
136_S_0086,2006-05-08,I40172,MPR____N3__Scaled,repo/data/images/nifti_raw/ADNI/136_S_0086/MPR____N3__Scaled/2006-05-08_10_55_23.0/I40172/ADNI_136_S_0086_MR_MPR____N3__Scaled_Br_20070215172221943_S14069_I40172.nii,ADNI_136_S_0086_MR_MPR____N3__Scaled_Br_20070215172221943_S14069_I40172.nii
136_S_0429,2006-06-27,I40392,MPR____N3__Scaled,repo/data/images/nifti_raw/ADNI/136_S_0429/MPR____N3__Scaled/2006-06-27_10_25_33.0/I40392/ADNI_136_S_0429_MR_MPR____N3__Scaled_Br_20070215221039819_S15882_I40392.nii,ADNI_136_S_0429_MR_MPR____N3__Scaled_Br_20070215221039819_S15882_I40392.nii
023_S_0376,2006-04-28,I31392,MPR__GradWarp__B1_Correction__N3__Scaled,repo/data/images/nifti_raw/ADNI/023_S_0376/MPR__GradWarp__B1_Correction__N3__Scaled/2006-04-28_12_55_22.0/I31392/ADNI_023_S_0376_MR_MPR__GradWarp__B1_Correction__N3__Scaled_Br_20061201170258692_S13786_I31392.nii,ADNI_023_S_0376_MR_MPR__GradWarp__B1_Correction__N3__Scaled_Br_20061201170258692_S13786_I31392.nii
136_S_0426,2006-05-30,I40378,MPR____N3__Scaled,repo/data/images/nifti_raw/ADNI/136_S_0426/MPR____N3__Scaled/2006-05-30_10_46_09.0/I40378/ADNI_136_S_0426_MR_MPR____N3__Scaled_Br_20070215213410384_S15017_I40378.nii,ADNI_136_S_0426_MR_MPR____N3__Scaled_Br_20070215213410384_S15017_I40378.nii
027_S_0307,2006-05-11,I34168,MPR__GradWarp__B1_Correction__N3__Scaled,repo/data/images/nifti_raw/ADNI/027_S_0307/MPR__GradWarp__B1_Correction__N3__Scaled/2006-05-11_16_31_47.0/I34168/ADNI_027_S_0307_MR_MPR__GradWarp__B1_Correction__N3__Scaled_Br_20061222185350351_S14336_I34168.nii,ADNI_027_S_0307_MR_MPR__GradWarp__B1_Correction__N3__Scaled_Br_20061222185350351_S14336_I34168.nii
